[
    {
      "navId":"1",
      "navItemName":"Home",
      "navItemUrl" : "welcome/(contentBody:Home)"
    },
    {
      "navId":"2",
      "navItemName":"My Profile",
      "navItemUrl" : "welcome/(contentBody:Home/myProfile)"
    },
    {
      "navId":"3",
      "navItemName":"Settings",
      "navItemUrl" : ""
    },
    {
      "navId":"4",
      "navItemName":"Contacts",
      "navItemUrl" : ""
    },
    {
      "navId":"5",
      "navItemName":"Logout",
      "navItemUrl" : ""
    }
]